sample	bio1	bio2	bio3	bio4	bio5	bio6	bio7	bio8	bio9	bio10	bio11	bio12	bio13	bio14	bio15	bio16	bio17	bio18	bio19
c_ll_po_0001	68.56	84.2466666666667	26.5466666666667	8158.94	231.546666666667	-79.9866666666667	311.533333333333	169.36	-30.72	169.36	-39.56	581.64	77.28	27.88	31.3933333333333	213.72	93.2933333333333	213.72	103.786666666667
c_ll_po_0002	68.9266666666667	84.4933333333333	26.56	8169.68666666667	232.286666666667	-79.8933333333333	312.18	170	-30.3866666666667	170	-39.1066666666667	585.866666666667	77.68	28.3333333333333	31.1866666666667	214.853333333333	94.86	214.853333333333	105.533333333333
c_ll_po_0003	69.18	84.3666666666667	26.5133333333333	8173.42	232.6	-79.6933333333333	312.293333333333	170.233333333333	-30.22	170.233333333333	-39.0266666666667	580.686666666667	77.22	28.12	31.56	213.86	93.3666666666667	213.86	103.873333333333
c_ll_po_0011	68.875	84.1052631578947	26.4671052631579	8174.48684210526	232.085526315789	-79.9605263157895	312.046052631579	169.848684210526	-30.6447368421053	169.848684210526	-39.5065789473684	578.085526315789	76.9802631578947	27.7763157894737	31.75	213.361842105263	92.2368421052632	213.361842105263	102.677631578947
c_ll_po_0014	69.2466666666667	84.5666666666667	26.56	8178.38	232.766666666667	-79.7666666666667	312.533333333333	170.413333333333	-30.12	170.413333333333	-38.9066666666667	585.653333333333	77.6533333333333	28.3933333333333	31.2	214.766666666667	94.92	214.766666666667	105.58
c_ll_po_0019	69.7569444444444	84.3125	26.4583333333333	8181.48611111111	233.423611111111	-79.2222222222222	312.645833333333	170.965277777778	-29.6944444444444	170.965277777778	-38.5138888888889	577.951388888889	77	28.1458333333333	31.8333333333333	213.618055555556	92.7430555555556	213.618055555556	103.173611111111
c_ll_po_0105	67.9607843137255	84	26.5098039215686	8158.98039215686	230.679738562092	-80.5424836601307	311.222222222222	168.705882352941	-31.3790849673203	168.705882352941	-40.2418300653595	583.019607843137	77.3986928104575	27.6209150326797	31.3986928104575	214.058823529412	93.1307189542484	214.058823529412	103.607843137255
c_ll_po_0106	67.8051948051948	84.3636363636364	26.6168831168831	8144.00649350649	230.512987012987	-80.538961038961	311.051948051948	168.441558441558	-31.2857142857143	168.441558441558	-40.025974025974	587.487012987013	77.8311688311688	27.8766233766234	31	214.701298701299	94.7012987012987	214.701298701299	105.292207792208
c_ll_po_0150	69.4105960264901	84.1854304635762	26.4304635761589	8183.09271523179	232.927152317881	-79.5960264900662	312.523178807947	170.529801324503	-30.1456953642384	170.529801324503	-39.0397350993377	575.993377483444	76.794701986755	27.8807947019868	31.953642384106	213.119205298013	91.9337748344371	213.119205298013	102.278145695364
c_ll_la_0044	62.8407643312102	66.0764331210191	23.3312101910828	7670.54140127389	207.350318471338	-70	277.350318471338	125.789808917197	-14.859872611465	160.101910828025	-35.1273885350318	683.700636942675	83	28.0254777070064	30.8789808917197	233.414012738854	103.700636942675	214.031847133758	127.777070063694
c_ll_la_0045	52.0122699386503	77.601226993865	23.5705521472393	8720.82208588957	219.742331288344	-103.104294478528	322.846625766871	159.711656441718	-54.3374233128834	161.233128834356	-62	642.374233128834	82.558282208589	29.0184049079755	30.8527607361963	229.331288343558	98.5337423312883	229.036809815951	113.815950920245
c_ll_la_0047	50.4424242424242	78.3515151515151	23.5454545454545	8823.81818181818	220.066666666667	-106.781818181818	326.848484848485	160.733333333333	-56.3454545454545	160.89696969697	-64.9393939393939	639.933333333333	83.6484848484849	29.1575757575758	31.3090909090909	230.624242424242	98.7030303030303	230.612121212121	112.981818181818
c_ll_la_0048	62.188679245283	63.9339622641509	22.5943396226415	7670.05660377359	206.235849056604	-70.4528301886792	276.688679245283	117.22641509434	-19.3490566037736	160.188679245283	-34.8679245283019	654.820754716981	78.9245283018868	26.6981132075472	31.2735849056604	225.415094339623	98.877358490566	200.905660377358	120.933962264151
c_ll_la_0052	62.36	63.9	22.71	7624.41	205.64	-69.45	275.09	112.91	-16.37	159.78	-34.05	659.64	79.63	26.78	31.38	226.72	99.74	201.06	122.74
c_ll_la_0053	62.5833333333333	64.8712121212121	22.8863636363636	7691.23484848485	207.007575757576	-70.3787878787879	277.386363636364	124.439393939394	-18.8333333333333	160.44696969697	-35.2424242424242	666.840909090909	80.5833333333333	27.0681818181818	30.9924242424242	228.712121212121	100.772727272727	208.136363636364	122.666666666667
c_ll_la_0054	52.2402597402597	69.1168831168831	22.1038961038961	8383.16883116883	211.805194805195	-93.6233766233766	305.428571428571	134	-32.3766233766234	158.863636363636	-55.2467532467532	651.116883116883	77.974025974026	28.7272727272727	29.7532467532468	223.331168831169	100.123376623377	208.675324675325	121.954545454545
c_ll_no_0065	-24.156	74.008	23.072	8264.228	142.916	-172.54	315.456	48.652	-53.776	87.588	-124.86	596.224	75.172	32.72	24.42	190.828	104.644	179.26	148.524
c_ll_no_0075	30.1139896373057	66.0155440414508	26.6943005181347	6254.0310880829	160.777202072539	-83.1554404145078	243.932642487047	48.9119170984456	41.5284974093264	113.046632124352	-46.8549222797927	1282.0829015544	144.761658031088	64.580310880829	22.3367875647668	396.60103626943	230.077720207254	301.523316062176	345.212435233161
c_ll_no_0076	35.4360465116279	67.3837209302326	28.0348837209302	6042.90697674419	162.517441860465	-75.0813953488372	237.598837209302	63.8255813953488	32.9476744186046	114.78488372093	-39.6279069767442	1065.30813953488	123.145348837209	55.1627906976744	23.4302325581395	339.029069767442	190.78488372093	265.203488372093	272.81976744186
c_ll_no_0077	27.5125628140704	68.929648241206	27.4673366834171	6345.86432160804	160.035175879397	-88.4924623115578	248.527638190955	70.2412060301507	13.4723618090452	110.738693467337	-51.7889447236181	981.150753768844	114.628140703518	51.427135678392	24.3065326633166	316.165829145729	174.29648241206	261.236180904523	241.27135678392
c_ll_no_0078	14.7894736842105	77.4315789473684	24.9368421052632	7979.87368421053	177.815789473684	-127.121052631579	304.936842105263	116.026315789474	-62.4263157894737	118.636842105263	-87.6421052631579	644.378947368421	90.1894736842105	27.6736842105263	38.3684210526316	248.157894736842	91.5526315789474	247.636842105263	106.531578947368
c_ll_no_0079	26.4157303370787	62.6797752808989	24.8651685393258	6456.22471910112	160.016853932584	-86.6910112359551	246.707865168539	61.8202247191011	-7.84831460674157	111.157303370787	-52.6179775280899	1105.0393258427	128.247191011236	53.8707865168539	26.5449438202247	367.488764044944	184.224719101124	292.494382022472	244.342696629213
c_ll_no_0080	1.06043956043956	76.021978021978	26.7857142857143	7114.41208791209	153.796703296703	-125.230769230769	279.027472527473	62.6153846153846	-40.0714285714286	94.5879120879121	-88.1538461538462	943.774725274725	111.291208791209	43.7527472527473	28.5054945054945	315.862637362637	151.098901098901	281.302197802198	211.472527472527
c_ll_no_0081	10.8369565217391	74.8260869565217	26.179347826087	7209.3097826087	163.804347826087	-116.554347826087	280.358695652174	77.1413043478261	-37.8097826086956	105.402173913043	-79.7880434782609	894.538043478261	106.298913043478	42.2880434782609	28.1739130434783	299.614130434783	143.945652173913	273.119565217391	189.065217391304
c_ll_no_0082	14.9777777777778	73.8833333333333	25.95	7200.21111111111	167.072222222222	-111.955555555556	279.027777777778	81.2055555555555	-35.0166666666667	109.377777777778	-75.5055555555556	885.011111111111	105.372222222222	42.1	28.0333333333333	296.744444444444	142.788888888889	270.133333333333	184.911111111111
c_ll_ki_0090	15.314606741573	79.6011235955056	18.6685393258427	11253.3988764045	227.926966292135	-188.589887640449	416.516853932584	157.179775280899	-65.3483146067416	158.38202247191	-133.179775280899	624.674157303371	83.7584269662921	26.1179775280899	33.0280898876404	219.207865168539	90.4775280898876	219.140449438202	108.11797752809
c_ll_ki_0091	15.314606741573	79.6011235955056	18.6685393258427	11253.3988764045	227.926966292135	-188.589887640449	416.516853932584	157.179775280899	-65.3483146067416	158.38202247191	-133.179775280899	624.674157303371	83.7584269662921	26.1179775280899	33.0280898876404	219.207865168539	90.4775280898876	219.140449438202	108.11797752809
c_ll_ki_0092	15.314606741573	79.6011235955056	18.6685393258427	11253.3988764045	227.926966292135	-188.589887640449	416.516853932584	157.179775280899	-65.3483146067416	158.38202247191	-133.179775280899	624.674157303371	83.7584269662921	26.1179775280899	33.0280898876404	219.207865168539	90.4775280898876	219.140449438202	108.11797752809
c_ll_ki_0093	15.314606741573	79.6011235955056	18.6685393258427	11253.3988764045	227.926966292135	-188.589887640449	416.516853932584	157.179775280899	-65.3483146067416	158.38202247191	-133.179775280899	624.674157303371	83.7584269662921	26.1179775280899	33.0280898876404	219.207865168539	90.4775280898876	219.140449438202	108.11797752809
c_ll_ki_0094	15.314606741573	79.6011235955056	18.6685393258427	11253.3988764045	227.926966292135	-188.589887640449	416.516853932584	157.179775280899	-65.3483146067416	158.38202247191	-133.179775280899	624.674157303371	83.7584269662921	26.1179775280899	33.0280898876404	219.207865168539	90.4775280898876	219.140449438202	108.11797752809
c_ll_ki_0095	11.1546961325967	85.3425414364641	19.9116022099447	11044.4254143646	225.508287292818	-192.867403314917	418.375690607735	152.165745856354	-76.9558011049724	152.165745856354	-134.966850828729	602.17679558011	78.3093922651934	26.5966850828729	31.1381215469613	209.265193370166	89.524861878453	209.265193370166	109.116022099448
c_ll_ki_0096	11.1546961325967	85.3425414364641	19.9116022099447	11044.4254143646	225.508287292818	-192.867403314917	418.375690607735	152.165745856354	-76.9558011049724	152.165745856354	-134.966850828729	602.17679558011	78.3093922651934	26.5966850828729	31.1381215469613	209.265193370166	89.524861878453	209.265193370166	109.116022099448
c_ll_ki_0097	11.1546961325967	85.3425414364641	19.9116022099447	11044.4254143646	225.508287292818	-192.867403314917	418.375690607735	152.165745856354	-76.9558011049724	152.165745856354	-134.966850828729	602.17679558011	78.3093922651934	26.5966850828729	31.1381215469613	209.265193370166	89.524861878453	209.265193370166	109.116022099448
c_ll_ki_0098	11.1546961325967	85.3425414364641	19.9116022099447	11044.4254143646	225.508287292818	-192.867403314917	418.375690607735	152.165745856354	-76.9558011049724	152.165745856354	-134.966850828729	602.17679558011	78.3093922651934	26.5966850828729	31.1381215469613	209.265193370166	89.524861878453	209.265193370166	109.116022099448
c_ll_ki_0099	11.1546961325967	85.3425414364641	19.9116022099447	11044.4254143646	225.508287292818	-192.867403314917	418.375690607735	152.165745856354	-76.9558011049724	152.165745856354	-134.966850828729	602.17679558011	78.3093922651934	26.5966850828729	31.1381215469613	209.265193370166	89.524861878453	209.265193370166	109.116022099448
c_ll_ki_0100	10.1086956521739	89.5978260869565	20.8641304347826	10801.2717391304	224.798913043478	-192.478260869565	417.277173913043	148.103260869565	-110.614130434783	148.103260869565	-133.032608695652	580.33152173913	75.4945652173913	24.7989130434783	32.2989130434783	207.641304347826	84.5597826086957	207.641304347826	102.027173913043
c_ll_ki_0101	10.1086956521739	89.5978260869565	20.8641304347826	10801.2717391304	224.798913043478	-192.478260869565	417.277173913043	148.103260869565	-110.614130434783	148.103260869565	-133.032608695652	580.33152173913	75.4945652173913	24.7989130434783	32.2989130434783	207.641304347826	84.5597826086957	207.641304347826	102.027173913043
c_ll_ki_0102	10.1086956521739	89.5978260869565	20.8641304347826	10801.2717391304	224.798913043478	-192.478260869565	417.277173913043	148.103260869565	-110.614130434783	148.103260869565	-133.032608695652	580.33152173913	75.4945652173913	24.7989130434783	32.2989130434783	207.641304347826	84.5597826086957	207.641304347826	102.027173913043
c_ll_vl_0107	16.6025641025641	96.9615384615385	23.3846153846154	10863.7435897436	210.807692307692	-195.320512820513	406.128205128205	147.948717948718	-130.858974358974	147.974358974359	-132.205128205128	858.282051282051	146.602564102564	17.7435897435897	62.5128205128205	404.923076923077	61.5641025641026	404.641025641026	61.5897435897436
c_ll_vl_0108	12.5703125	99.421875	22.765625	11617.3046875	213.90625	-213.0234375	426.9296875	150.390625	-147.265625	151.0859375	-147.4296875	825.40625	147.9765625	15.3515625	65.359375	395.8515625	54.8828125	393.90625	54.8828125
c_ll_vl_0109	5.875	94.9423076923077	22.8461538461538	10962.3076923077	200.182692307692	-206.221153846154	406.403846153846	138.346153846154	-143.817307692308	138.519230769231	-143.817307692308	912.846153846154	155.288461538462	19.8269230769231	61.0384615384615	426.942307692308	68.0384615384615	425.528846153846	68.0384615384615
c_ll_vl_0110	-7.02173913043478	116.188405797101	20.0507246376812	16073.7246376812	259.507246376812	-307.427536231884	566.934782608696	183.130434782609	-229.594202898551	183.130434782609	-230.557971014493	683.007246376812	150.057971014493	7.1231884057971	87.6594202898551	395.688405797101	27.0797101449275	395.688405797101	27.0797101449275
c_ll_vl_0112	4.99065420560748	93.1401869158879	22.607476635514	10883.0747663551	198.046728971963	-204.915887850467	402.96261682243	137.018691588785	-143.289719626168	137.130841121495	-143.289719626168	927.523364485981	156.271028037383	20.7102803738318	60.0373831775701	430.841121495327	71.0093457943925	429.785046728972	71.0093457943925
c_ll_vl_0113	4.99065420560748	93.1401869158879	22.607476635514	10883.0747663551	198.046728971963	-204.915887850467	402.96261682243	137.018691588785	-143.289719626168	137.130841121495	-143.289719626168	927.523364485981	156.271028037383	20.7102803738318	60.0373831775701	430.841121495327	71.0093457943925	429.785046728972	71.0093457943925
c_ll_vl_0114	-10.8846153846154	87.2846153846154	20.8307692307692	11279.3076923077	183.630769230769	-225.615384615385	409.246153846154	125.646153846154	-163.846153846154	126.015384615385	-163.846153846154	958.553846153846	168.653846153846	19.4538461538462	61.8769230769231	449.1	70.7230769230769	448.315384615385	70.7230769230769
c_ll_vl_0128	5.43956043956044	90.989010989011	22.4285714285714	10696.7802197802	196.186813186813	-200.417582417582	396.604395604396	136.153846153846	-139.879120879121	136.175824175824	-139.879120879121	943.175824175824	155.703296703297	21.8351648351648	58.5054945054945	433.274725274725	74.9010989010989	433.065934065934	74.9010989010989
c_ll_vl_0132	5.43956043956044	90.989010989011	22.4285714285714	10696.7802197802	196.186813186813	-200.417582417582	396.604395604396	136.153846153846	-139.879120879121	136.175824175824	-139.879120879121	943.175824175824	155.703296703297	21.8351648351648	58.5054945054945	433.274725274725	74.9010989010989	433.065934065934	74.9010989010989
c_ll_vl_0137	-54.5918367346939	127.741496598639	20.4285714285714	17067.5442176871	231.802721088435	-376.503401360544	608.30612244898	147.659863945578	-261.353741496599	147.659863945578	-290.721088435374	758.91156462585	169.068027210884	6.29251700680272	89.4285714285714	442.585034013605	27.3469387755102	442.585034013605	27.4761904761905
c_ll_ya_0138	-93.3626373626374	117.098901098901	16.2802197802198	21010.989010989	248.554945054945	-444.368131868132	692.923076923077	160.115384615385	-294.164835164835	160.115384615385	-374.840659340659	346.093406593407	60.2472527472527	8.45054945054945	61.7912087912088	166.961538461538	30.3021978021978	166.961538461538	37.3131868131868
c_ll_ya_0139	-100.491891891892	114.059459459459	16.0162162162162	20787.4054054054	244.005405405405	-437.264864864865	681.27027027027	153.583783783784	-295.67027027027	153.583783783784	-375.454054054054	302.437837837838	50.9405405405405	7.98378378378378	59.9081081081081	144.810810810811	28.2	144.810810810811	35.0162162162162
c_ll_ya_0140	-100.342391304348	113.967391304348	16.0163043478261	20760.9239130435	243.79347826087	-436.744565217391	680.538043478261	153.440217391304	-294.603260869565	153.440217391304	-374.95652173913	303.728260869565	51.1847826086956	8.03260869565217	59.9347826086956	145.445652173913	28.3369565217391	145.445652173913	35.1684782608696
c_ll_ya_0141	-162.213675213675	118.508547008547	16.7735042735043	21413.3931623932	195.388888888889	-489.205128205128	684.594017094017	103.730769230769	-392.286324786325	103.730769230769	-435.273504273504	244.179487179487	49.6923076923077	5.9957264957265	74.9871794871795	136.935897435897	19.3162393162393	136.935897435897	21.8974358974359
c_ll_ya_0142	-162.213675213675	118.508547008547	16.7735042735043	21413.3931623932	195.388888888889	-489.205128205128	684.594017094017	103.730769230769	-392.286324786325	103.730769230769	-435.273504273504	244.179487179487	49.6923076923077	5.9957264957265	74.9871794871795	136.935897435897	19.3162393162393	136.935897435897	21.8974358974359
c_ll_ya_0143	-162.213675213675	118.508547008547	16.7735042735043	21413.3931623932	195.388888888889	-489.205128205128	684.594017094017	103.730769230769	-392.286324786325	103.730769230769	-435.273504273504	244.179487179487	49.6923076923077	5.9957264957265	74.9871794871795	136.935897435897	19.3162393162393	136.935897435897	21.8974358974359
c_ll_ya_0145	-103.520618556701	114.721649484536	16	21237.6443298969	247.577319587629	-445.128865979381	692.70618556701	155.845360824742	-313.80412371134	155.845360824742	-383.953608247423	272.644329896907	45.6237113402062	6.81443298969072	60.3969072164948	131.546391752577	24.7783505154639	131.546391752577	30.9587628865979
c_ll_ya_0146	-100.127659574468	116.686170212766	16.0691489361702	21151.7021276596	247.31914893617	-446.755319148936	694.074468085106	156.771276595745	-305	156.771276595745	-381.340425531915	316.335106382979	53.6914893617021	8.04787234042553	60.8776595744681	152.38829787234	28.6329787234043	152.38829787234	35.468085106383
c_ll_ya_0147	-96.6417112299465	108.737967914438	16.2032085561497	19637.0213903743	233.347593582888	-414.262032085561	647.609625668449	145.459893048128	-241.705882352941	145.459893048128	-355.363636363636	346.44385026738	59.4973262032086	9.34224598930481	60.9465240641711	167.791443850267	32.5561497326203	167.791443850267	39.8823529411765
c_ll_tu_0153	-69.3687943262411	140.070921985816	23.822695035461	16235.4893617021	205.007092198582	-370.127659574468	575.13475177305	121.475177304965	-265.255319148936	121.475177304965	-292.659574468085	385.595744680851	95.0212765957447	4.9290780141844	85.6737588652482	224.900709219858	21.3758865248227	224.900709219858	22.4326241134752
c_ll_tu_0154	-69.3687943262411	140.070921985816	23.822695035461	16235.4893617021	205.007092198582	-370.127659574468	575.13475177305	121.475177304965	-265.255319148936	121.475177304965	-292.659574468085	385.595744680851	95.0212765957447	4.9290780141844	85.6737588652482	224.900709219858	21.3758865248227	224.900709219858	22.4326241134752
c_ll_tu_0157	-69.3687943262411	140.070921985816	23.822695035461	16235.4893617021	205.007092198582	-370.127659574468	575.13475177305	121.475177304965	-265.255319148936	121.475177304965	-292.659574468085	385.595744680851	95.0212765957447	4.9290780141844	85.6737588652482	224.900709219858	21.3758865248227	224.900709219858	22.4326241134752
c_ll_tu_0158	-69.3687943262411	140.070921985816	23.822695035461	16235.4893617021	205.007092198582	-370.127659574468	575.13475177305	121.475177304965	-265.255319148936	121.475177304965	-292.659574468085	385.595744680851	95.0212765957447	4.9290780141844	85.6737588652482	224.900709219858	21.3758865248227	224.900709219858	22.4326241134752
c_ll_tu_0159	-69.3687943262411	140.070921985816	23.822695035461	16235.4893617021	205.007092198582	-370.127659574468	575.13475177305	121.475177304965	-265.255319148936	121.475177304965	-292.659574468085	385.595744680851	95.0212765957447	4.9290780141844	85.6737588652482	224.900709219858	21.3758865248227	224.900709219858	22.4326241134752
c_ll_tu_0165	-69.3687943262411	140.070921985816	23.822695035461	16235.4893617021	205.007092198582	-370.127659574468	575.13475177305	121.475177304965	-265.255319148936	121.475177304965	-292.659574468085	385.595744680851	95.0212765957447	4.9290780141844	85.6737588652482	224.900709219858	21.3758865248227	224.900709219858	22.4326241134752
c_ll_tu_0166	-69.3687943262411	140.070921985816	23.822695035461	16235.4893617021	205.007092198582	-370.127659574468	575.13475177305	121.475177304965	-265.255319148936	121.475177304965	-292.659574468085	385.595744680851	95.0212765957447	4.9290780141844	85.6737588652482	224.900709219858	21.3758865248227	224.900709219858	22.4326241134752
c_ll_og_0181	51.44	144.104	29.72	12072.128	281.76	-195.216	476.976	201.56	-89.2	201.56	-109.184	78.896	25.8	0.024	116.832	58.424	1.584	58.424	1.584
c_ll_ka_0184	-40.6043165467626	135.611510791367	25.0575539568345	14732.381294964	213.647482014388	-317.741007194245	531.388489208633	139.021582733813	-235.230215827338	139.021582733813	-241.071942446043	362.755395683453	105.892086330935	2.66906474820144	114.187050359712	259.402877697842	8.88489208633094	259.402877697842	8.89208633093525
c_ll_ka_0186	-37.705035971223	133.748201438849	24.7985611510791	14691.1151079137	214.654676258993	-315	529.654676258993	141.064748201439	-226.971223021583	141.064748201439	-238.36690647482	347.309352517986	101.086330935252	2.53237410071942	114.532374100719	249.287769784173	8.43884892086331	249.287769784173	8.44604316546763
c_ll_og_0187	-4.18978102189781	148.277372262774	29.7591240875912	12718.6204379562	228.175182481752	-262.773722627737	490.948905109489	150.846715328467	-166.408759124088	150.846715328467	-177.299270072993	299.029197080292	82.0583941605839	3.18248175182482	102.912408759124	200.43795620438	11.3941605839416	200.43795620438	11.4233576642336
c_ll_ka_0188	-27.1798561151079	141.884892086331	27.0647482014388	13858.1007194245	222.431654676259	-292.482014388489	514.913669064748	143.690647482014	-213.36690647482	143.690647482014	-213.36690647482	369.064748201439	104.755395683453	2.55395683453237	110.935251798561	257.676258992806	9.07194244604317	257.676258992806	9.07194244604317
c_ll_ka_0189	-35.6879432624113	139.510638297872	26.6241134751773	13751.5035460993	212.985815602837	-301.297872340426	514.283687943262	134.581560283688	-212.219858156028	134.581560283688	-220.482269503546	429.709219858156	119.425531914894	3.45390070921986	108.54609929078	293.602836879433	11.5106382978723	293.602836879433	11.5886524822695
c_ll_to_0190	-22.1176470588235	137.764705882353	25.8088235294118	14465.6029411765	229.551470588235	-294.323529411765	523.875	154.397058823529	-205.75	154.397058823529	-217.830882352941	270.382352941176	83.6544117647059	1.69117647058824	119.014705882353	199.426470588235	6.07352941176471	199.426470588235	6.07352941176471
c_ll_to_0191	-27.9705882352941	137.941176470588	25.5367647058824	14684.8382352941	226.485294117647	-303.183823529412	529.669117647059	151.080882352941	-220.007352941176	151.080882352941	-226.897058823529	295.272058823529	90.4411764705882	2.00735294117647	117.404411764706	215.117647058824	6.91911764705882	215.117647058824	6.91911764705882
c_ll_ur_0194	14.5766871165644	98.760736196319	21.9693251533742	12027.3128834356	239.41717791411	-200.251533742331	439.668711656442	163.601226993865	-125.018404907975	163.601226993865	-144.779141104294	575.736196319018	97.2147239263804	21.2699386503067	45.6625766871166	239.478527607362	73.4846625766871	239.478527607362	84.1349693251534
c_ll_ur_0195	14.5833333333333	101.820512820513	22.1089743589744	12401.7371794872	244.121794871795	-206.134615384615	450.25641025641	167.217948717949	-131.205128205128	167.217948717949	-149.596153846154	540.673076923077	97.8846153846154	20.1410256410256	48.6858974358974	230.730769230769	67.3589743589744	230.730769230769	76.6923076923077
c_ll_ur_0196	14.5833333333333	101.820512820513	22.1089743589744	12401.7371794872	244.121794871795	-206.134615384615	450.25641025641	167.217948717949	-131.205128205128	167.217948717949	-149.596153846154	540.673076923077	97.8846153846154	20.1410256410256	48.6858974358974	230.730769230769	67.3589743589744	230.730769230769	76.6923076923077
c_ll_ur_0199	12.687898089172	102.872611464968	22.3057324840764	12396.025477707	242.821656050955	-208.585987261146	451.407643312102	165.216560509554	-133.15923566879	165.216560509554	-151.426751592357	554.643312101911	98.3821656050955	21.1273885350318	47.1082802547771	233.700636942675	70.7070063694268	233.700636942675	80.312101910828
c_ll_ur_0200	7.875	106.230263157895	22.7302631578947	12486.1644736842	240.743421052632	-216.480263157895	457.223684210526	161.151315789474	-139.875	161.151315789474	-157.407894736842	564.177631578947	95.4868421052632	22.7368421052632	43.4210526315789	230.848684210526	76.2171052631579	230.848684210526	86.4539473684211
c_ll_ur_0202	20.0316455696203	103.791139240506	22.006329113924	12821.835443038	254.367088607595	-206.696202531646	461.063291139241	177.044303797468	-132.430379746835	177.044303797468	-149.386075949367	445.677215189873	85.2658227848101	16.0886075949367	51.5	195.911392405063	53.0949367088608	195.911392405063	61.4683544303797
c_ll_ur_0203	15.9276315789474	107.572368421053	22.9934210526316	12424.1052631579	247.243421052632	-209.736842105263	456.980263157895	167.802631578947	-100.269736842105	167.802631578947	-148.559210526316	552.894736842105	76.8684210526316	24.0065789473684	32.9078947368421	202.098684210526	84.5855263157895	202.098684210526	101.125
c_ll_cr_0205	67.8848920863309	89.9568345323741	29.2014388489209	7468.59712230216	221.517985611511	-81.0863309352518	302.604316546763	158.712230215827	-20.8561151079137	158.928057553957	-33.7985611510791	834.798561151079	121.21582733813	39.1079136690648	40.0431654676259	333.374100719424	124.978417266187	333.374100719424	132.330935251799
c_ll_cr_0206	71.0551181102362	98.8818897637795	30.8582677165354	7737.27559055118	228.968503937008	-86.4645669291339	315.433070866142	150.251968503937	-20.0157480314961	165.188976377953	-33.7007874015748	686.212598425197	103.047244094488	34.0944881889764	41.8267716535433	281.614173228346	105.385826771654	271.669291338583	109.070866141732
c_ll_cr_0207	94.3255813953488	94.3798449612403	30.8062015503876	7451.84496124031	252.372093023256	-48.7906976744186	301.162790697674	169.68992248062	8.08527131782946	185.410852713178	-5.65891472868217	699.604651162791	100.968992248062	40.3488372093023	30.9922480620155	259.341085271318	124.604651162791	243.364341085271	137.023255813953
c_ll_cr_0208	71.8802816901408	85.056338028169	26.9507042253521	7882.95774647887	228.366197183099	-81.1197183098592	309.485915492958	166.295774647887	-23.5492957746479	167.316901408451	-35.8732394366197	684.056338028169	96.0985915492958	33.169014084507	37.9929577464789	268.950704225352	105.781690140845	268.880281690141	114.422535211268
c_ll_cr_0209	94.3255813953488	94.3798449612403	30.8062015503876	7451.84496124031	252.372093023256	-48.7906976744186	301.162790697674	169.68992248062	8.08527131782946	185.410852713178	-5.65891472868217	699.604651162791	100.968992248062	40.3488372093023	30.9922480620155	259.341085271318	124.604651162791	243.364341085271	137.023255813953
c_ll_cr_0212	71.2340425531915	84.5673758865248	26.9290780141844	7857.07092198582	227.148936170213	-80.7943262411348	307.943262411348	164.709219858156	-23.8297872340426	166.41134751773	-36.0070921985816	689.22695035461	96.4397163120567	33.6950354609929	37.6028368794326	269.723404255319	107.22695035461	269.539007092199	116.021276595745
c_ll_ba_0224	97.2689075630252	98.5294117647059	33.3529411764706	6709.63865546218	255.176470588235	-35.8151260504202	290.991596638655	43.9915966386555	180.705882352941	182.201680672269	10.3529411764706	895.453781512605	112.226890756303	43.2436974789916	26.5966386554622	302.268907563025	141.302521008403	143.81512605042	265.168067226891
c_ll_ba_0226	94.975	100.258333333333	33.45	6801.26666666667	255.15	-40.15	295.3	47	177.375	180.733333333333	6.51666666666667	836.483333333333	103.266666666667	42.6166666666667	24.9166666666667	276.183333333333	138.083333333333	141.708333333333	240.05
c_ll_ba_0227	96.1475409836066	98.9426229508197	33.5	6682.55737704918	254.33606557377	-36.6147540983607	290.950819672131	43.9754098360656	179.360655737705	180.844262295082	9.71311475409836	883.606557377049	111	42.7213114754098	26.7459016393443	298.491803278689	139.213114754098	141.770491803279	261.049180327869
c_ll_ba_0228	96.6290322580645	99.7983870967742	33.2177419354839	6855.74193548387	256.790322580645	-39.1370967741936	295.927419354839	49.258064516129	179.685483870968	182.943548387097	7.24193548387097	849.016129032258	104.298387096774	43.3951612903226	24.5564516129032	279.758064516129	141.032258064516	144.548387096774	243.790322580645
c_ll_ba_0229	97.475	98.65	33.3583333333333	6717.51666666667	255.541666666667	-35.7666666666667	291.308333333333	44.975	180.975	182.5	10.4416666666667	892.05	111.775	43.1333333333333	26.5416666666667	300.95	140.95	143.541666666667	263.875
c_ll_ba_0230	97.475	98.65	33.3583333333333	6717.51666666667	255.541666666667	-35.7666666666667	291.308333333333	44.975	180.975	182.5	10.4416666666667	892.05	111.775	43.1333333333333	26.5416666666667	300.95	140.95	143.541666666667	263.875
c_ll_ca_0240	66.034188034188	111.991452991453	33.9316239316239	7460.97435897436	235	-91.3247863247863	326.324786324786	87.5299145299145	-4.7008547008547	157.08547008547	-33.0683760683761	924.196581196581	117.247863247863	48.5982905982906	27.9316239316239	313.752136752137	163.418803418803	234.08547008547	218.111111111111
c_ll_ca_0241	73.1900826446281	98.3471074380165	30.2314049586777	7758.87603305785	241.900826446281	-78.3057851239669	320.206611570248	132.256198347107	-27.603305785124	170.495867768595	-27.603305785124	691.619834710744	108.231404958678	21.900826446281	46.9421487603306	288.545454545455	76.3719008264463	248.223140495868	76.3719008264463
c_ll_ca_0242	70.8655462184874	116.084033613445	32.1176470588235	8375.84033613445	258.781512605042	-98.9495798319328	357.731092436975	101.27731092437	48.218487394958	174.18487394958	-40.1176470588235	447.36974789916	76.9579831932773	17.672268907563	45.672268907563	189.260504201681	59.3613445378151	106.529411764706	65.7310924369748
c_ll_ca_0243	84.208	91.832	27.744	7872.008	263.36	-64.976	328.336	125.872	41.672	184.248	-15.928	524.896	77.448	19.944	39.376	204.04	68.928	156.272	74.48
c_ll_ca_0244	82.1788617886179	90.2926829268293	27.2357723577236	7905.92682926829	262.463414634146	-66.6016260162602	329.065040650407	123.674796747967	45.4308943089431	182.886178861789	-17.9674796747967	511.235772357724	76.1138211382114	19	39.4878048780488	200.235772357724	65.739837398374	154.113821138211	72.4959349593496
c_ll_ca_0245	61.4193548387097	92.7177419354839	28.5322580645161	7961.52419354839	229.104838709677	-90.8870967741936	319.991935483871	133.564516129032	-39.7177419354839	161.653225806452	-41.5725806451613	658.266129032258	103.024193548387	20.3629032258065	46.9516129032258	276.129032258065	70.1048387096774	244.66935483871	70.4758064516129
c_ll_ca_0247	70.675	111.791666666667	33.6416666666667	7634.41666666667	240.5	-87.3833333333333	327.883333333333	125.933333333333	-28.6	165.291666666667	-29.725	728.925	108	29.85	40.2583333333333	284.791666666667	101.483333333333	241.591666666667	102.683333333333
c_ll_ca_0248	48.8130081300813	107.260162601626	35.3089430894309	6875.0406504065	207.317073170732	-93.5691056910569	300.886178861789	100.829268292683	-26.0731707317073	134.317073170732	-40.5365853658537	987.447154471545	132.682926829268	44.9837398373984	35.8943089430894	361.512195121951	150.934959349593	329.569105691057	169.626016260163
c_ll_ca_0252	47.416	107.664	34.088	7325.432	212.52	-100.968	313.488	116.024	-43.008	138.896	-47.8	866.4	122.272	36.432	39.336	333.68	121.936	310.536	126.392
c_ll_ca_0254	81.3076923076923	107.730769230769	34.1442307692308	7173.55769230769	243.355769230769	-68.2211538461538	311.576923076923	95.3653846153846	24.6346153846154	169.403846153846	-13.2307692307692	1076.07692307692	129.75	56.4423076923077	24.5576923076923	353.509615384615	192.519230769231	268.461538461538	270.173076923077
c_ll_ca_0259	63.3008130081301	93.8130081300813	28.349593495935	8190.48780487805	234.292682926829	-91.8943089430894	326.186991869919	142.991869918699	-40.780487804878	166.536585365854	-42.8455284552846	655.09756097561	102.569105691057	20.8617886178862	46.6585365853659	275.878048780488	70.2926829268293	249.065040650407	70.5934959349593
c_ll_ca_0260	62.479674796748	96.8536585365854	29.9105691056911	7755.08130081301	230.048780487805	-88.8455284552846	318.894308943089	127.650406504065	-38.2113821138211	159.731707317073	-38.2113821138211	706.780487804878	111.49593495935	21.4634146341463	48.5609756097561	297.983739837398	74.4552845528455	260.747967479675	74.4552845528455
